name,datetime,tempmax,tempmin,temp,feelslikemax,feelslikemin,feelslike,dew,humidity,precip,precipprob,precipcover,preciptype,snow,snowdepth,windgust,windspeed,winddir,sealevelpressure,cloudcover,visibility,solarradiation,solarenergy,uvindex,severerisk,sunrise,sunset,moonphase,conditions,description,icon,stations
istanbul tuzla,2025-02-06,4.5,1.7,2.8,2.5,-2.9,-0.9,0.1,82.3,6.609,100,16.67,"rain,snow",1.4,0,44.6,27.9,5.2,1028.5,82.8,9.3,30,2.7,2,,2025-02-06T08:07:49,2025-02-06T18:26:33,0.28,"Snow, Rain, Partially cloudy",Partly cloudy throughout the day with a chance of rain or snow throughout the day.,snow,"D8508,17063099999,17119099999,17064099999,17060099999,17066199999"
istanbul tuzla,2025-02-07,5.3,0.9,3,1.7,-2.3,-0.3,1.3,88.6,7.834,100,16.67,"rain,snow",0.6,0.1,44.3,21.4,15.9,1033,87.8,9,15.2,1.3,1,,2025-02-07T08:06:41,2025-02-07T18:27:47,0.31,"Snow, Rain, Partially cloudy",Partly cloudy throughout the day with a chance of rain or snow throughout the day.,snow,"D8508,17063099999,17119099999,17064099999,17060099999,17066199999"
istanbul tuzla,2025-02-08,5.2,2.6,3.9,2.9,-1.1,1,2.4,89.8,10.258,100,16.67,rain,0,0,41.4,18.5,32.9,1031.9,89.5,9.8,28.3,2.4,1,,2025-02-08T08:05:33,2025-02-08T18:29:01,0.35,"Rain, Partially cloudy",Partly cloudy throughout the day with a chance of rain throughout the day.,rain,"D8508,17063099999,17119099999,17064099999,17060099999,LTFJ,17066199999"
istanbul tuzla,2025-02-09,5.9,2.6,3.9,2.4,-1.1,0.7,1.9,86.9,7.039,100,12.5,rain,0,0,46.8,21,35.4,1028.8,89.2,10.1,26.8,2.3,1,,2025-02-09T08:04:22,2025-02-09T18:30:15,0.39,"Rain, Partially cloudy",Partly cloudy throughout the day with a chance of rain throughout the day.,rain,"D8508,17063099999,17119099999,17064099999,17060099999,17066199999"
istanbul tuzla,2025-02-10,5.2,2.5,3.4,2.1,-0.9,0.6,1.2,85.7,2.452,100,16.67,rain,0,0,37.1,24.1,31.7,1027.6,88.8,11,23.1,2,2,,2025-02-10T08:03:11,2025-02-10T18:31:29,0.42,"Rain, Partially cloudy",Partly cloudy throughout the day with a chance of rain throughout the day.,rain,"D8508,17063099999,17119099999,17064099999,17060099999,LTFJ,17066199999"
istanbul tuzla,2025-02-11,4.9,1,2.5,4.9,-3.8,0.5,0.5,86.9,1.534,100,12.5,"rain,snow",0.2,0,27,18.4,26.5,1028.3,85,10.9,87,7.6,4,,2025-02-11T08:01:57,2025-02-11T18:32:43,0.46,"Snow, Rain, Partially cloudy",Partly cloudy throughout the day with a chance of rain or snow throughout the day.,snow,"D8508,17063099999,17119099999,17064099999,17060099999,LTFJ,17066199999"
istanbul tuzla,2025-02-12,4.9,-1,2,2.9,-3.8,-0.4,0.8,92.1,10.608,100,16.67,"rain,snow",0.5,0,29.9,21.2,17.4,1028.1,75.1,8.8,14.4,1.1,1,,2025-02-12T08:00:43,2025-02-12T18:33:57,0.5,"Snow, Rain, Partially cloudy",Partly cloudy throughout the day with a chance of rain or snow throughout the day.,snow,"D8508,17063099999,17119099999,17064099999,17060099999,LTFJ,17066199999"
istanbul tuzla,2025-02-13,8.1,3.2,5.5,7,0.7,4.1,1.3,74.8,0.668,100,12.5,rain,0.2,0,25.9,15.6,18.3,1026.8,61.4,11.7,72.7,6.2,3,,2025-02-13T07:59:27,2025-02-13T18:35:10,0.53,"Rain, Partially cloudy",Partly cloudy throughout the day with a chance of rain or snow throughout the day.,snow,"D8508,17063099999,17119099999,17064099999,17060099999,17066199999"
istanbul tuzla,2025-02-14,11.2,3.1,7.2,11.2,3.1,7,0.1,63,0.005,100,4.17,rain,0,0,20.2,12,193,1020.8,60.9,12.9,147.4,12.6,5,,2025-02-14T07:58:10,2025-02-14T18:36:23,0.56,"Rain, Partially cloudy",Partly cloudy throughout the day with morning rain.,rain,"17063099999,17119099999,17064099999,17060099999,17066199999"
istanbul tuzla,2025-02-15,12.5,7.6,9.7,12.5,5.2,9.2,5.3,74.6,4.246,100,8.33,rain,0,0,24.8,19.4,344.5,1016.8,87.7,11.7,109.4,9.4,4,,2025-02-15T07:56:52,2025-02-15T18:37:36,0.59,"Rain, Partially cloudy",Partly cloudy throughout the day with rain.,rain,"D8508,17063099999,17119099999,17064099999,17060099999,17066199999"
istanbul tuzla,2025-02-16,10.1,7.3,8,10.1,4.7,5.9,6.5,90.1,3.534,100,12.5,rain,0,0,23,15,40.6,1016.5,89.9,10,20.1,1.7,1,,2025-02-16T07:55:32,2025-02-16T18:38:49,0.62,"Rain, Partially cloudy",Partly cloudy throughout the day with a chance of rain throughout the day.,rain,"D8508,17063099999,17119099999,17064099999,17060099999,17066199999,LTFJ"
istanbul tuzla,2025-02-17,7.3,5.4,6.2,4.8,1.9,3.2,4.8,90.7,12.529,100,16.67,rain,0,0,30.2,20.8,49,1016,90,10.1,20.3,1.7,1,,2025-02-17T07:54:12,2025-02-17T18:40:01,0.66,"Rain, Partially cloudy",Partly cloudy throughout the day with a chance of rain throughout the day.,rain,"D8508,17063099999,17119099999,17064099999,17060099999,17066199999"
istanbul tuzla,2025-02-18,7.1,4.5,5.6,3.8,0.8,2.1,2.9,83,1.408,100,12.5,rain,0,0,38.5,21.3,61.6,1019.7,89.4,10.8,39,3.4,2,,2025-02-18T07:52:50,2025-02-18T18:41:13,0.69,"Rain, Partially cloudy",Partly cloudy throughout the day with a chance of rain throughout the day.,rain,"D8508,17063099999,17119099999,17064099999,17060099999,17066199999"
istanbul tuzla,2025-02-19,6.6,1.1,3.9,4.2,-3.5,0.6,1.4,83.9,11.162,100,12.5,"rain,snow",0.1,0,50,22.8,36.9,1023.8,84.1,10.9,30.6,2.7,2,,2025-02-19T07:51:27,2025-02-19T18:42:25,0.72,"Snow, Rain, Partially cloudy",Partly cloudy throughout the day with rain or snow.,snow,"D8508,17063099999,17119099999,17064099999,17060099999,17066199999"
istanbul tuzla,2025-02-20,2.6,-1,1.2,-1,-6.3,-3,-1.5,82.8,4.94,100,16.67,"rain,snow",1,0,46.1,22.3,29.7,1030,83.5,8.3,47.2,3.9,3,,2025-02-20T07:50:03,2025-02-20T18:43:37,0.75,"Snow, Rain, Partially cloudy",Partly cloudy throughout the day with a chance of rain or snow throughout the day.,snow,"D8508,17063099999,17119099999,17064099999,17060099999,17066199999,LTFJ"
istanbul tuzla,2025-02-21,2.2,-2,0.1,-0.4,-6.2,-3.2,-2.1,85.5,4.931,100,12.5,"rain,snow",3,0.2,43.6,22.5,18.6,1031.9,87.1,8.1,56.2,4.9,7,,2025-02-21T07:48:38,2025-02-21T18:44:48,0.78,"Snow, Rain, Partially cloudy",Partly cloudy throughout the day with a chance of rain or snow throughout the day.,snow,"D8508,17063099999,17119099999,17064099999,17060099999,LTFJ,17066199999"
istanbul tuzla,2025-02-22,2.2,-1.4,-0.1,-0.5,-5.6,-3.5,-3.3,79.7,3.721,100,12.5,"rain,snow",3.7,0.2,38.2,18.5,20.7,1033.4,78.6,10.1,143.8,12.4,8,,2025-02-22T07:47:12,2025-02-22T18:45:59,0.82,"Snow, Rain, Partially cloudy",Partly cloudy throughout the day with a chance of rain or snow throughout the day.,snow,"D8508,17063099999,17119099999,17064099999,17060099999,17066199999"
istanbul tuzla,2025-02-23,2.4,-3.8,-0.4,2,-6.9,-2,-3.6,79.7,0.358,100,16.67,"rain,snow",0.2,0,25.2,12.6,46,1034.2,67.4,11.2,86.1,7.3,8,,2025-02-23T07:45:45,2025-02-23T18:47:09,0.85,"Snow, Rain, Partially cloudy",Partly cloudy throughout the day with a chance of rain or snow throughout the day.,snow,"D8508,17063099999,17119099999,17064099999,17060099999,17066199999"
istanbul tuzla,2025-02-24,6,-3.2,1,5.1,-5.8,-0.4,-5.7,64,0.005,100,4.17,"rain,snow",0,0,18.7,9.5,82,1032.4,15.3,12.1,192.9,16.7,7,,2025-02-24T07:44:18,2025-02-24T18:48:20,0.88,"Snow, Rain",Clear conditions throughout the day with morning rain or snow.,rain,"D8508,17063099999,17119099999,17064099999,17060099999,17066199999"
istanbul tuzla,2025-02-25,7.6,-0.9,3.7,5.7,-0.9,2.7,-2,67.6,0,0,0,,0,0,23.4,14.4,247.3,1025.3,45.6,11.7,148.2,12.9,5,,2025-02-25T07:42:49,2025-02-25T18:49:29,0.91,Partially cloudy,Partly cloudy throughout the day.,partly-cloudy-day,"D8508,17063099999,17119099999,17064099999,17060099999,17066199999"
istanbul tuzla,2025-02-26,11.4,1.4,6.2,11.4,-0.1,5.9,1.7,74.5,0,0,0,,0,0,14.8,10.5,271.8,1023.3,35.8,10.9,154.1,13.3,5,,2025-02-26T07:41:19,2025-02-26T18:50:39,0.95,Partially cloudy,Partly cloudy throughout the day.,partly-cloudy-day,"D8508,17063099999,17119099999,17064099999,17060099999,17066199999"
istanbul tuzla,2025-02-27,15.3,4.8,10.1,15.3,3.6,9.9,3.8,66.2,0,0,0,,0,0,15.8,10.5,92.9,1021.7,79.7,12,127.4,11.2,6,,2025-02-27T07:39:49,2025-02-27T18:51:48,0.98,Partially cloudy,Partly cloudy throughout the day.,partly-cloudy-day,"D8508,17063099999,17119099999,17064099999,17060099999,17066199999"
istanbul tuzla,2025-02-28,16,7,10.6,16,3,9.6,5.4,71,0.8,100,16.67,rain,0,0,24.5,31.7,36.6,1019.8,80.6,11.3,111,9.7,4,,2025-02-28T07:38:18,2025-02-28T18:52:58,0,"Rain, Partially cloudy",Partly cloudy throughout the day with rain.,rain,"17063099999,17119099999,17064099999,17060099999,17066199999,LTFJ"
istanbul tuzla,2025-03-01,12.7,4.2,8,12.7,1.1,6.3,3.9,76,0.017,100,4.17,rain,0,0,23.8,18.4,48.1,1024,42.4,12.1,191.5,16.5,7,,2025-03-01T07:36:46,2025-03-01T18:54:06,0.05,"Rain, Partially cloudy",Partly cloudy throughout the day with morning rain.,rain,"D8508,17063099999,17119099999,17064099999,17060099999,17066199999"
istanbul tuzla,2025-03-02,13.3,3.8,7.8,13.3,2.3,6.4,3.9,77.4,0.178,100,4.17,rain,0,0,23.4,25,33,1023.2,57.4,11.9,96,8.4,5,,2025-03-02T07:35:14,2025-03-02T18:55:15,0.08,"Rain, Partially cloudy",Partly cloudy throughout the day with late afternoon rain.,rain,"D8508,17063099999,17119099999,17064099999,17060099999,17066199999,LTFJ"
istanbul tuzla,2025-03-03,8.7,4.7,6.5,6,1.4,3.7,3.3,80.7,2.985,100,12.5,rain,0,0,40.7,21.8,43.4,1024.6,86.3,10.7,80,6.9,4,,2025-03-03T07:33:40,2025-03-03T18:56:23,0.12,"Rain, Partially cloudy",Partly cloudy throughout the day with rain.,rain,"D8508,17063099999,17119099999,17064099999,17060099999,17066199999"
istanbul tuzla,2025-03-04,8.6,3.9,6,5.5,0.7,3,1.2,72.2,0.005,100,4.17,rain,0,0,41,24.7,59.5,1025.2,68.7,11.6,119.8,10.5,4,,2025-03-04T07:32:07,2025-03-04T18:57:31,0.15,"Rain, Partially cloudy",Partly cloudy throughout the day with morning rain.,rain,"D8508,17063099999,17119099999,17064099999,17060099999,17066199999"
istanbul tuzla,2025-03-05,12.9,2.4,6.7,12.9,-1.4,4.4,2.2,74.4,0,0,0,,0,0,32,20.8,47.4,1027.1,13.9,12.5,188.3,16.3,7,,2025-03-05T07:30:32,2025-03-05T18:58:38,0.19,Clear,Clear conditions throughout the day.,clear-day,"D8508,17063099999,17119099999,17064099999,17060099999,17066199999"
istanbul tuzla,2025-03-06,14.6,1.8,7.8,14.6,-0.6,6.5,1.7,68.1,0,0,0,,0,0,23.8,14.4,47,1028,22.8,10.9,211.6,18.2,7,,2025-03-06T07:28:57,2025-03-06T18:59:46,0.25,Partially cloudy,Partly cloudy throughout the day.,partly-cloudy-day,"D8508,17063099999,17119099999,17064099999,17060099999,17066199999"
istanbul tuzla,2025-03-07,15.7,1.5,8.9,15.7,-1.1,7.2,-0.4,53.4,0,0,0,,0,0,28.8,22.1,41.4,1023.3,18.3,11.8,208.1,17.8,7,,2025-03-07T07:27:22,2025-03-07T19:00:53,0.26,Clear,Clear conditions throughout the day.,clear-day,"17063099999,17119099999,17064099999,17060099999,17066199999"
istanbul tuzla,2025-03-08,13.1,4,7.5,13.1,1.2,5.5,4.6,82.6,0,0,0,,0,0,24.5,26.1,38.3,1015.8,43.8,10.8,186.3,16.1,7,,2025-03-08T07:25:46,2025-03-08T19:01:59,0.29,Partially cloudy,Clearing in the afternoon.,partly-cloudy-day,"D8508,17063099999,17119099999,17064099999,17060099999,17066199999"
istanbul tuzla,2025-03-09,11,6.2,8.2,11,3.8,7.7,5.4,82.4,0,0,0,,0,0,20.5,13.8,232.5,1014.6,48.2,8.8,212.2,18.3,7,,2025-03-09T07:24:09,2025-03-09T19:03:06,0.33,Partially cloudy,Partly cloudy throughout the day.,partly-cloudy-day,"D8508,17063099999,17119099999,17064099999,17060099999,17066199999"
istanbul tuzla,2025-03-10,16.8,4.8,10.4,16.8,4.8,10.4,6,76,0,0,0,,0,0,20.5,16.4,254.2,1016.5,2.2,8,223,19.3,7,,2025-03-10T07:22:32,2025-03-10T19:04:12,0.36,Clear,Clear conditions throughout the day.,clear-day,"D8508,17063099999,17119099999,17064099999,17060099999,17066199999"
istanbul tuzla,2025-03-11,20,9.1,13.8,20,8.4,13.7,6,61.7,0,0,0,,0,0,26.3,17.6,260.6,1016.1,33.3,11.2,209.9,18,7,,2025-03-11T07:20:55,2025-03-11T19:05:18,0.4,Partially cloudy,Partly cloudy throughout the day.,partly-cloudy-day,"17063099999,17119099999,17064099999,17060099999,17066199999"
istanbul tuzla,2025-03-12,23.1,12,17.5,23.1,12,17.5,5.8,48.6,0,0,0,,0,0,27,13,268.1,1013.9,62.9,11.7,185.3,16.1,7,,2025-03-12T07:19:17,2025-03-12T19:06:24,0.43,Partially cloudy,Partly cloudy throughout the day.,partly-cloudy-day,"17063099999,17119099999,17064099999,17060099999,17066199999"
istanbul tuzla,2025-03-13,24.6,13,19,24.6,13,19,5.3,42.7,0,0,0,,0,0,79.8,13.5,210.2,1011.6,62.6,10.6,160.5,13.8,5,,2025-03-13T07:17:39,2025-03-13T19:07:30,0.47,Partially cloudy,Partly cloudy throughout the day.,partly-cloudy-day,"17063099999,17119099999,17064099999,17060099999,LTFJ,17066199999"
istanbul tuzla,2025-03-14,24,13.6,18.8,24,13.6,18.8,5.5,42.7,0,0,0,,0,0,20.9,16,250,1014.5,29.3,12.1,215.6,18.9,7,,2025-03-14T07:16:01,2025-03-14T19:08:35,0.5,Partially cloudy,Partly cloudy throughout the day.,partly-cloudy-day,"17063099999,17119099999,17064099999,17060099999,17066199999"
istanbul tuzla,2025-03-15,26,13.4,19.4,26,13.4,19.4,7.6,48.5,0,0,0,,0,0,20.2,17.4,246.3,1017.2,49.7,11.9,213.2,18.3,7,,2025-03-15T07:14:22,2025-03-15T19:09:40,0.54,Partially cloudy,Partly cloudy throughout the day.,partly-cloudy-day,"17063099999,17119099999,17064099999,17060099999,17066199999"
istanbul tuzla,2025-03-16,27.2,17.6,21.8,26.5,17.6,21.7,5.8,36.6,0,0,0,,0,0,33.1,21.8,249,1011.3,54.1,11.7,191,16.6,6,,2025-03-16T07:12:43,2025-03-16T19:10:45,0.57,Partially cloudy,Partly cloudy throughout the day.,partly-cloudy-day,"17063099999,17119099999,17064099999,17060099999,17066199999"
istanbul tuzla,2025-03-17,20.4,10.3,15.6,20.4,10.3,15.6,9,66.1,1.207,100,4.17,rain,0,0,34.2,23.1,18.4,1008.1,71.3,11.8,163.8,14.2,6,,2025-03-17T07:11:04,2025-03-17T19:11:50,0.6,"Rain, Partially cloudy",Partly cloudy throughout the day with late afternoon rain.,rain,"D8508,17063099999,17119099999,17064099999,17060099999,17066199999"
istanbul tuzla,2025-03-18,10.3,2.7,7.1,10.3,-2.3,4,5.2,87.6,9.441,100,16.67,rain,0,0,56.2,32.8,25.6,1017.2,89.6,10.1,18.6,1.6,1,,2025-03-18T07:09:25,2025-03-18T19:12:54,0.63,"Rain, Partially cloudy",Partly cloudy throughout the day with a chance of rain throughout the day.,rain,"D8508,17063099999,17119099999,17064099999,17060099999,17066199999"
istanbul tuzla,2025-03-19,7.1,2.8,5,3.3,-1.4,1.3,-2.5,59.7,0.856,100,8.33,rain,0,0,59.8,28.9,34.1,1027.8,84.5,10.6,183.8,15.8,6,,2025-03-19T07:07:45,2025-03-19T19:13:59,0.67,"Rain, Partially cloudy",Partly cloudy throughout the day with rain clearing later.,rain,"D8508,17063099999,17119099999,17064099999,17060099999,17066199999"
istanbul tuzla,2025-03-20,8.2,4.1,6,7.1,2.7,4.9,1.3,72.4,0.766,100,12.5,rain,0,0,43.2,15.7,7,1028.9,87,11.4,90.5,7.9,3,,2025-03-20T07:06:05,2025-03-20T19:15:03,0.7,"Rain, Partially cloudy",Partly cloudy throughout the day with rain.,rain,"D8508,17063099999,17119099999,17064099999,17060099999,17066199999"
istanbul tuzla,2025-03-21,11.2,4.6,7.3,11.2,2.6,6.3,1.4,67.9,0.772,100,12.5,rain,0,0,32.4,15.4,43.5,1027.1,63,12.6,144.1,12.5,6,,2025-03-21T07:04:26,2025-03-21T19:16:07,0.73,"Rain, Partially cloudy",Partly cloudy throughout the day with a chance of rain throughout the day.,rain,"D8508,17063099999,17119099999,17064099999,17060099999,17066199999"
istanbul tuzla,2025-03-22,12.6,1.9,7.6,12.6,1.1,7.1,0,60,0,0,0,,0,0,15.5,12.6,54.6,1024,8.2,13.1,241.7,20.9,8,,2025-03-22T07:02:46,2025-03-22T19:17:11,0.75,Clear,Clear conditions throughout the day.,clear-day,"17063099999,17119099999,17064099999,17060099999,17066199999"
istanbul tuzla,2025-03-23,18.2,4.3,11.5,18.2,2.5,11,0.8,52.1,0,0,0,,0,0,24.5,12.3,238.6,1023.1,50.7,11.8,231.4,20.1,8,,2025-03-23T07:01:06,2025-03-23T19:18:15,0.8,Partially cloudy,Partly cloudy throughout the day.,partly-cloudy-day,"17063099999,17119099999,17064099999,17060099999,17066199999"
istanbul tuzla,2025-03-24,18.6,12.8,15.8,18.6,12.8,15.8,7.7,59.3,0.158,100,8.33,rain,0,0,33.5,25.4,246.7,1023,83.5,11.2,157.9,13.7,6,,2025-03-24T06:59:27,2025-03-24T19:19:19,0.83,"Rain, Partially cloudy",Partly cloudy throughout the day with rain in the morning and afternoon.,rain,"17063099999,17119099999,17064099999,17060099999,17066199999"
istanbul tuzla,2025-03-25,20.3,14.1,17,20.3,14.1,17,5.3,47,0,0,0,,0,0,29.2,20.7,264.1,1021.2,72.2,12.3,150.3,13.1,6,,2025-03-25T06:57:47,2025-03-25T19:20:23,0.87,Partially cloudy,Partly cloudy throughout the day.,partly-cloudy-day,"17063099999,17119099999,17064099999,17060099999,17066199999"
istanbul tuzla,2025-03-26,20.8,13.6,16.5,20.8,13.6,16.5,6.6,54.4,0,0,0,,0,0,19.4,10.6,236.1,1016.5,72.3,12.9,139.4,12.2,6,,2025-03-26T06:56:07,2025-03-26T19:21:26,0.9,Partially cloudy,Partly cloudy throughout the day.,partly-cloudy-day,"17063099999,17119099999,17064099999,17060099999,17066199999,LTFJ"
istanbul tuzla,2025-03-27,24.1,13.2,17.5,24.1,13.2,17.5,7.2,51.3,0,0,0,,0,0,28.1,24,46.6,1010.1,68.1,12.3,114.9,10,4,,2025-03-27T06:54:27,2025-03-27T19:22:30,0.93,Partially cloudy,Partly cloudy throughout the day.,partly-cloudy-day,"17063099999,17119099999,17064099999,17060099999,17066199999,LTFJ"
istanbul tuzla,2025-03-28,18.4,11.4,14.6,18.4,11.4,14.6,9,70.2,1.92,100,4.17,rain,0,0,53.6,29.5,15,1003.6,89.8,10.8,139.6,12.1,6,,2025-03-28T06:52:48,2025-03-28T19:23:33,0.96,"Rain, Partially cloudy",Partly cloudy throughout the day with late afternoon rain.,rain,"D8508,17063099999,17119099999,17064099999,17060099999,17066199999,LTFJ"
istanbul tuzla,2025-03-29,19.2,10.8,14.3,19.2,10.8,14.3,10.6,79.6,3.237,100,12.5,rain,0,0,21.3,16.4,293.5,1004.8,75.5,9.7,140.5,12.1,8,,2025-03-29T06:51:09,2025-03-29T19:24:37,0,"Rain, Partially cloudy",Partly cloudy throughout the day with rain.,rain,"D8508,17063099999,17119099999,17064099999,17060099999,17066199999"
istanbul tuzla,2025-03-30,18.2,10.5,14.3,18.2,10.5,14.3,10.1,76.6,0.085,100,8.33,rain,0,0,22.7,17.5,50.9,1007.1,65.3,11.4,176.7,15.2,6,,2025-03-30T06:49:30,2025-03-30T19:25:40,0.03,"Rain, Partially cloudy",Partly cloudy throughout the day with rain.,rain,"D8508,17063099999,17119099999,17064099999,17060099999,17066199999"
istanbul tuzla,2025-03-31,19.2,9.6,13.8,19.2,8,13.4,9.6,77.8,1.825,100,8.33,rain,0,0,27,18.3,38.7,1008.7,79.1,9.8,195.9,17,10,,2025-03-31T06:47:51,2025-03-31T19:26:43,0.07,"Rain, Partially cloudy",Partly cloudy throughout the day with rain.,rain,"D8508,17063099999,17119099999,17064099999,17060099999,17066199999,LTFJ"
istanbul tuzla,2025-04-01,16,10.6,13,16,10.6,13,10.4,84.3,3.072,100,16.67,rain,0,0,36.7,18.3,36.9,1007.9,78.6,10.5,37.5,3.1,1,,2025-04-01T06:46:12,2025-04-01T19:27:46,0.1,"Rain, Partially cloudy",Partly cloudy throughout the day with a chance of rain throughout the day.,rain,"D8508,17063099999,17119099999,17064099999,17060099999,17066199999,LTFJ"
istanbul tuzla,2025-04-02,11.7,10.3,10.7,11.7,10.3,10.7,9.3,90.8,0.082,100,12.5,rain,0,0,23.8,16.8,22.5,1007.6,86.4,9.3,39.4,3.3,2,,2025-04-02T06:44:33,2025-04-02T19:28:50,0.13,"Rain, Partially cloudy",Partly cloudy throughout the day with rain.,rain,"D8508,17063099999,17119099999,17064099999,17060099999,17066199999"
istanbul tuzla,2025-04-03,14.7,10.2,11.6,14.7,10.2,11.6,8.6,82.2,0.836,100,12.5,rain,0,0,16.6,10.7,21.3,1016,79.7,9.7,129.2,11,4,,2025-04-03T06:42:55,2025-04-03T19:29:53,0.17,"Rain, Partially cloudy",Partly cloudy throughout the day with a chance of rain throughout the day.,rain,"D8508,17063099999,17119099999,17064099999,17060099999,17066199999"
istanbul tuzla,2025-04-04,16.1,6.6,11.6,16.1,5.5,11.2,7,74,0,0,0,,0,0,21.2,13.6,42.1,1015.4,38.8,12.2,222.6,19.2,8,,2025-04-04T06:41:17,2025-04-04T19:30:56,0.2,Partially cloudy,Becoming cloudy in the afternoon.,partly-cloudy-day,"D8508,17063099999,17119099999,17064099999,17060099999,17066199999"
istanbul tuzla,2025-04-05,14.6,6.6,10.6,14.6,5.4,10,8,84.8,0,0,0,,0,0,25.6,14.8,277.1,1009.4,44.9,8.8,179.3,15.5,8,,2025-04-05T06:39:40,2025-04-05T19:31:59,0.25,Partially cloudy,Partly cloudy throughout the day.,partly-cloudy-day,"D8508,17063099999,17119099999,17064099999,17060099999,17066199999"
istanbul tuzla,2025-04-06,18.7,6.5,12.4,18.7,2.5,11.6,7.6,74.1,0.381,100,4.17,rain,0,0,37.8,34,293.3,1006.8,53.2,12.4,243,20.9,8,,2025-04-06T06:38:03,2025-04-06T19:33:02,0.27,"Rain, Partially cloudy",Partly cloudy throughout the day with late afternoon rain.,rain,"17063099999,17119099999,17064099999,17060099999,17066199999"
istanbul tuzla,2025-04-07,9.3,4.5,6.9,7.7,0.4,3.8,5.4,90.3,9.193,100,16.67,rain,0,0,53.3,30.8,29.1,1012,89.9,10.1,81.5,7,3,,2025-04-07T06:36:26,2025-04-07T19:34:05,0.31,"Rain, Partially cloudy",Partly cloudy throughout the day with a chance of rain throughout the day.,rain,"D8508,17063099999,17119099999,17064099999,17060099999,17066199999"
istanbul tuzla,2025-04-08,9.1,4.4,6.5,6.7,1.3,3.8,1.6,71.9,0.36,100,8.33,rain,0,0,37.8,20.2,57.5,1021,85.7,10.7,126.8,10.8,6,,2025-04-08T06:34:50,2025-04-08T19:35:08,0.34,"Rain, Partially cloudy",Partly cloudy throughout the day with rain clearing later.,rain,"D8508,17063099999,17119099999,17064099999,17060099999,17066199999"
istanbul tuzla,2025-04-09,9.3,5.5,7.2,8.1,3.3,5.2,-0.9,57.2,0.145,100,8.33,rain,0,0,36,14.9,44.8,1018.9,75.9,12.1,161.9,13.9,6,,2025-04-09T06:33:14,2025-04-09T19:36:12,0.37,"Rain, Partially cloudy",Partly cloudy throughout the day with rain in the morning and afternoon.,rain,"17063099999,17119099999,17064099999,17060099999,17066199999"
istanbul tuzla,2025-04-10,13.3,2.7,8.8,13.3,2.6,8.5,1.4,60.8,0,0,0,,0,0,44.6,24.7,234.8,1015.3,50.9,12.3,245.6,21.2,8,,2025-04-10T06:31:39,2025-04-10T19:37:15,0.41,Partially cloudy,Partly cloudy throughout the day.,partly-cloudy-day,"17063099999,17119099999,17064099999,17060099999,17066199999"
istanbul tuzla,2025-04-11,10.4,3.6,6,10.4,-0.1,3.1,-3.4,52.4,3.212,100,12.5,rain,0.1,0,55.1,35.6,295.4,1014.6,68.2,12.5,243,21,8,,2025-04-11T06:30:05,2025-04-11T19:38:18,0.44,"Rain, Partially cloudy",Partly cloudy throughout the day with a chance of rain or snow throughout the day.,snow,"D8508,17063099999,17119099999,17064099999,17060099999,17066199999"
istanbul tuzla,2025-04-12,8.9,3.6,7.5,6.6,2.4,5.4,0.8,64.2,1.515,100,8.33,rain,0,0,34.9,22.3,257.2,1013.9,75.8,11.7,76.5,6.6,3,,2025-04-12T06:28:30,2025-04-12T19:39:21,0.48,"Rain, Partially cloudy",Partly cloudy throughout the day with rain in the morning and afternoon.,rain,"D8508,17063099999,17119099999,17064099999,17060099999,17066199999"
istanbul tuzla,2025-04-13,12.5,1.6,7.5,12.5,0,7.1,1.7,68.1,0.069,100,4.17,rain,0,0,22.3,14.9,265.3,1021.3,20.9,12,217.1,18.6,6,,2025-04-13T06:26:57,2025-04-13T19:40:24,0.5,"Rain, Partially cloudy",Partly cloudy throughout the day with morning rain.,rain,"D8508,17063099999,17119099999,17064099999,17060099999,17066199999"
istanbul tuzla,2025-04-14,15.5,4,9.7,15.5,2.4,8.9,1.7,59.7,0,0,0,,0,0,31.7,21.9,61.2,1023.6,44.5,12.1,256.6,22.2,8,,2025-04-14T06:25:24,2025-04-14T19:41:27,0.55,Partially cloudy,Partly cloudy throughout the day.,partly-cloudy-day,"17063099999,17119099999,17064099999,17060099999,17066199999"
istanbul tuzla,2025-04-15,19,5.3,11.7,19,2.3,10.7,4.4,63,0,0,0,,0,0,27.7,19.3,33.9,1023.8,21.1,11.9,292.4,25.2,9,,2025-04-15T06:23:52,2025-04-15T19:42:30,0.58,Partially cloudy,Partly cloudy throughout the day.,partly-cloudy-day,"D8508,17063099999,17119099999,17064099999,17060099999,17066199999"
istanbul tuzla,2025-04-16,20.8,8.4,14.1,20.8,7.7,13.8,5.3,56.6,0,0,0,,0,0,24.5,18.1,26.2,1024.2,18.2,12.8,281.2,24.3,9,,2025-04-16T06:22:20,2025-04-16T19:43:34,0.61,Clear,Clear conditions throughout the day.,clear-day,"17063099999,17119099999,17064099999,17060099999,17066199999"
istanbul tuzla,2025-04-17,21.8,9.2,14.5,21.8,7.4,14.3,8.2,67.3,0,0,0,,0,0,25.9,25.4,32.9,1022.1,15.8,11.4,287.1,24.8,9,,2025-04-17T06:20:50,2025-04-17T19:44:37,0.65,Clear,Clear conditions throughout the day.,clear-day,"D8508,17063099999,17119099999,17064099999,17060099999,17066199999"
istanbul tuzla,2025-04-18,19.2,8.5,12.4,19.2,6.2,11.7,9.1,80.9,0,0,0,,0,0,22,20.7,40,1015.5,61.4,10,262.9,23,9,,2025-04-18T06:19:20,2025-04-18T19:45:40,0.68,Partially cloudy,Partly cloudy throughout the day.,partly-cloudy-day,"D8508,17063099999,17119099999,17064099999,17060099999,17066199999"
istanbul tuzla,2025-04-19,16.1,8.9,11.6,16.1,7.1,10.9,9,84.7,0,0,0,,0,0,23.4,18.3,27,1012,63.7,8.2,63.7,5.7,2,,2025-04-19T06:17:50,2025-04-19T19:46:43,0.71,Partially cloudy,Partly cloudy throughout the day.,partly-cloudy-day,"D8508,17063099999,17119099999,17064099999,17060099999,17066199999"
istanbul tuzla,2025-04-20,17.3,9.8,13.6,17.3,9.3,13.5,8.9,74.1,0,0,0,,0,0,19.4,13.2,267,1013.5,44.6,11.1,198.8,17,6,,2025-04-20T06:16:22,2025-04-20T19:47:47,0.75,Partially cloudy,Partly cloudy throughout the day.,partly-cloudy-day,"D8508,17063099999,17119099999,17064099999,17060099999,17066199999"
istanbul tuzla,2025-04-21,23.4,8.7,15.5,23.4,8.2,15.5,8.9,67,0,0,0,,0,0,22.7,18.3,44.1,1012.3,7.9,11.5,310,26.9,9,,2025-04-21T06:14:54,2025-04-21T19:48:50,0.75,Clear,Clear conditions throughout the day.,clear-day,"D8508,17063099999,17119099999,17064099999,17060099999,17066199999"
istanbul tuzla,2025-04-22,20.2,9.9,14.7,20.2,7.8,14.6,8.6,67.9,0,0,0,,0,0,26.6,22.2,35.8,1012.7,39.6,12.4,265.3,22.9,9,,2025-04-22T06:13:28,2025-04-22T19:49:53,0.82,Partially cloudy,Partly cloudy throughout the day.,partly-cloudy-day,"D8508,17063099999,17119099999,17064099999,17060099999,17066199999"
istanbul tuzla,2025-04-23,17.7,9.6,12.6,17.7,7.4,12.5,9,79.1,0,0,0,,0,0,32.8,28.2,49.4,1013.2,55.6,11.5,222.7,19.4,9,,2025-04-23T06:12:02,2025-04-23T19:50:56,0.85,Partially cloudy,Clearing in the afternoon.,partly-cloudy-day,"D8508,17063099999,17119099999,17064099999,17060099999,17066199999"
istanbul tuzla,2025-04-24,12.8,10.5,11.3,12.8,10.5,11.3,8.7,83.7,0,0,0,,0,0,29.2,18.5,45.8,1008.8,84.1,12.3,138.3,11.9,5,,2025-04-24T06:10:37,2025-04-24T19:51:59,0.88,Partially cloudy,Partly cloudy throughout the day.,partly-cloudy-day,"D8508,17063099999,17119099999,17064099999,17060099999,17066199999"
istanbul tuzla,2025-04-25,15.8,9.7,12.4,15.8,8.2,12.2,9,80.1,0,0,0,,0,0,22,13.7,295.4,1008.7,63.8,11.2,109.6,9.3,5,,2025-04-25T06:09:13,2025-04-25T19:53:02,0.92,Partially cloudy,Partly cloudy throughout the day.,partly-cloudy-day,"D8508,17063099999,17119099999,17064099999,17060099999,17066199999"
istanbul tuzla,2025-04-26,20.6,10.7,15.5,20.6,10.7,15.5,10.4,73,0,0,0,,0,0,32,14.4,287.9,1010,23.6,11.4,278.3,24,8,,2025-04-26T06:07:50,2025-04-26T19:54:05,0.95,Partially cloudy,Partly cloudy throughout the day.,partly-cloudy-day,"D8508,17063099999,17119099999,17064099999,17060099999,17066199999"
istanbul tuzla,2025-04-27,16,10.5,13.3,16,10.5,13.3,9.3,77.6,0,0,0,,0,0,54.7,33.4,47.9,1018.8,59.3,11.6,100.6,8.7,5,,2025-04-27T06:06:28,2025-04-27T19:55:08,0,Partially cloudy,Partly cloudy throughout the day.,partly-cloudy-day,"D8508,17063099999,17119099999,17064099999,17060099999,17066199999"
istanbul tuzla,2025-04-28,15.5,8.5,11.7,15.5,6,10.5,4.3,62.7,0,0,0,,0,0,59,38.4,60,1024.7,34.7,12.9,249.4,21.5,8,,2025-04-28T06:05:08,2025-04-28T19:56:11,0.02,Partially cloudy,Partly cloudy throughout the day.,partly-cloudy-day,"17063099999,17119099999,17064099999,17060099999,17066199999"
istanbul tuzla,2025-04-29,14.1,7.9,10.7,14.1,4.4,9.4,4.6,66.4,0,0,0,,0,0,54.4,29.8,50.4,1021.5,60.2,12,219,18.9,8,,2025-04-29T06:03:48,2025-04-29T19:57:14,0.05,Partially cloudy,Partly cloudy throughout the day.,partly-cloudy-day,"17063099999,17119099999,17064099999,17060099999,17066199999,LTFJ"
istanbul tuzla,2025-04-30,14.9,8.7,11.5,14.9,6.1,10.6,5.7,68.3,0,0,0,,0,0,51.8,28.7,56.6,1017.9,73.7,12.2,238.9,20.7,9,,2025-04-30T06:02:30,2025-04-30T19:58:17,0.09,Partially cloudy,Partly cloudy throughout the day.,partly-cloudy-day,"17063099999,17119099999,17064099999,17060099999,17066199999"
istanbul tuzla,2025-05-01,12,9.5,10.8,12,7.1,10.5,8.3,84.9,4.592,100,8.33,rain,0,0,42.8,20,52.1,1013.2,87,10.6,33.4,3,1,,2025-05-01T06:01:12,2025-05-01T19:59:19,0.12,"Rain, Partially cloudy",Partly cloudy throughout the day with rain in the morning and afternoon.,rain,"D8508,17063099999,17119099999,17064099999,17060099999,17066199999"
istanbul tuzla,2025-05-02,15.1,10.1,12.3,15.1,10.1,12.3,9,80.8,1.104,100,12.5,rain,0,0,31.3,17.4,41.7,1016.5,84.9,11.3,103,8.9,4,,2025-05-02T05:59:56,2025-05-02T20:00:22,0.15,"Rain, Partially cloudy",Partly cloudy throughout the day with a chance of rain throughout the day.,rain,"D8508,17063099999,17119099999,17064099999,17060099999,17066199999,LTFJ"
istanbul tuzla,2025-05-03,19.2,9.9,13.9,19.2,9.4,13.9,7.3,67,0,0,0,,0,0,20.5,16.8,33.4,1017.8,36.5,12,319,27.6,9,,2025-05-03T05:58:41,2025-05-03T20:01:24,0.19,Partially cloudy,Clearing in the afternoon.,partly-cloudy-day,"D8508,17063099999,17119099999,17064099999,17060099999,17066199999"
istanbul tuzla,2025-05-04,22.1,7.4,15.4,22.1,7.4,15.4,4.4,51.2,0,0,0,,0,0,16.9,11.4,237.5,1012.8,1.1,11.9,320.6,27.8,9,,2025-05-04T05:57:28,2025-05-04T20:02:26,0.25,Clear,Clear conditions throughout the day.,clear-day,"D8508,17063099999,17119099999,17064099999,17060099999,17066199999"
istanbul tuzla,2025-05-05,25.6,11.7,19.5,25.6,11.7,19.5,7.3,47.8,0,0,0,,0,0,18.7,14.1,249.8,1009.5,24.9,10.8,300.9,26,9,,2025-05-05T05:56:15,2025-05-05T20:03:28,0.25,Partially cloudy,Partly cloudy throughout the day.,partly-cloudy-day,"17063099999,17119099999,17064099999,17060099999,17066199999"
istanbul tuzla,2025-05-06,26.3,17.8,21.8,26.3,17.8,21.8,11,51.5,0,0,0,,0,0,25.2,18.3,257.7,1011.8,47.2,12,284.1,24.5,9,,2025-05-06T05:55:04,2025-05-06T20:04:30,0.29,Partially cloudy,Partly cloudy throughout the day.,partly-cloudy-day,"17063099999,17119099999,17064099999,17060099999,17066199999,LTFJ"
istanbul tuzla,2025-05-07,28.4,18.1,22.5,27.5,18.1,22.5,12,53.2,0,0,0,,0,0,24.8,18,274.8,1011.6,40.2,11.8,292.7,25.4,9,,2025-05-07T05:53:55,2025-05-07T20:05:31,0.32,Partially cloudy,Partly cloudy throughout the day.,partly-cloudy-day,"17063099999,17119099999,17064099999,17060099999,17066199999"
istanbul tuzla,2025-05-08,26.2,15.4,21,26.2,15.4,21,13.6,63.5,0,0,0,,0,0,19.8,19.3,42.4,1010.3,27.4,12.3,302.3,26.2,9,,2025-05-08T05:52:46,2025-05-08T20:06:32,0.35,Partially cloudy,Partly cloudy throughout the day.,partly-cloudy-day,"D8508,17063099999,17119099999,17064099999,17060099999,17066199999"
istanbul tuzla,2025-05-09,23.6,16.6,20.1,23.6,16.6,20.1,13.4,65.7,0,0,0,,0,0,31,24,31.8,1012.3,43,10.9,276,24,9,,2025-05-09T05:51:40,2025-05-09T20:07:33,0.39,Partially cloudy,Partly cloudy throughout the day.,partly-cloudy-day,"17063099999,17119099999,17064099999,17060099999,17066199999"
istanbul tuzla,2025-05-10,16.5,11.5,14.2,16.5,11.5,14.2,11.1,82.2,3.08,100,8.33,rain,0,0,43.2,26.3,56.4,1015,86.6,10.8,41.3,3.5,1,,2025-05-10T05:50:34,2025-05-10T20:08:34,0.42,"Rain, Partially cloudy",Partly cloudy throughout the day with rain.,rain,"D8508,17063099999,17119099999,17064099999,17060099999,17066199999"
